2607.17803|IN|gaussian-splatting
2607.15727|IN|reconstruction
2607.15211|IN|reconstruction
2607.14203|IN|gaussian-splatting
2607.11498|OUT|robotics
2607.10840|IN|dynamic
2607.09225|IN|pose
2607.08772|IN|reconstruction
2607.05543|OUT|understanding
2607.05243|IN|dynamic
2607.05347|IN|gaussian-splatting
2607.05356|IN|reconstruction
2607.04256|IN|gaussian-splatting
2607.03789|IN|understanding
2607.03891|IN|reconstruction
2607.03612|IN|foundation
2607.02301|IN|gaussian-splatting
2607.02711|IN|foundation
2607.02707|IN|foundation
2607.00375|IN|reconstruction
2606.30347|IN|gaussian-splatting
2606.30047|IN|reconstruction
2606.29374|IN|gaussian-splatting
2606.29333|IN|gaussian-splatting
2606.27720|IN|reconstruction
2606.28321|IN|gaussian-splatting
2606.25430|IN|reconstruction
2606.24876|IN|gaussian-splatting
2606.22787|IN|reconstruction
2606.22856|IN|pose
2606.13644|IN|reconstruction
2606.13345|IN|reconstruction
2606.11894|IN|gaussian-splatting
2606.12396|OUT|robotics
2606.12340|OUT|reasoning
2606.11326|IN|foundation
2606.10656|IN|dynamic
2606.08205|IN|reconstruction
2606.03943|OUT|robotics
2606.00307|IN|robotics
2605.31595|IN|dynamic
2605.31124|IN|foundation
2605.30488|IN|robotics
2605.30310|OUT|reconstruction
2605.27372|IN|foundation
2605.26115|IN|gaussian-splatting
2605.26230|IN|reconstruction
2605.26103|IN|pose
2605.24304|IN|gaussian-splatting
2605.23287|IN|understanding
2605.24111|OUT|robotics
2605.23892|IN|foundation
2605.22020|IN|gaussian-splatting
2605.19656|IN|gaussian-splatting
2605.19539|IN|foundation
2605.18184|OUT|robotics
2605.17942|IN|foundation
2605.17327|OUT|robotics
2605.16258|IN|reconstruction
2605.15828|IN|foundation
2605.15186|IN|reconstruction
2605.13741|IN|robotics
2605.12587|IN|dynamic
2605.11354|IN|foundation
2605.12027|IN|dynamic
2605.10789|OUT|reconstruction
2605.08371|IN|foundation
2605.07978|IN|reconstruction
2605.07192|OUT|gaussian-splatting
2605.07264|IN|reconstruction
2605.06270|IN|foundation
2605.04435|IN|dynamic
2605.03359|IN|reconstruction
2605.01450|OUT|reconstruction
2604.22482|OUT|surveys
2604.21681|OUT|understanding
2604.21182|IN|gaussian-splatting
2604.19923|IN|dynamic
2604.15284|IN|gaussian-splatting
2604.15237|IN|foundation
2604.14025|IN|surveys
2604.14048|IN|reconstruction
2604.09480|IN|reconstruction
2604.09366|IN|dynamic
2604.07279|IN|reconstruction
2604.07053|IN|gaussian-splatting
2604.05366|IN|foundation
2604.05182|IN|reconstruction
2604.03092|IN|gaussian-splatting
2604.02546|IN|understanding
2604.02107|IN|pose
2604.00813|OUT|robotics
2603.29368|IN|reconstruction
2603.28980|OUT|reconstruction
2603.28896|IN|reconstruction
2603.27084|OUT|reconstruction
2603.27222|IN|foundation
2603.25993|IN|understanding
2603.25827|IN|reconstruction
2603.25129|IN|gaussian-splatting
2603.25745|IN|gaussian-splatting
2603.23997|IN|reconstruction
2603.22631|IN|reconstruction
2603.22531|OUT|reconstruction
2603.21436|IN|reconstruction
2603.20588|IN|dynamic
2603.18493|IN|reconstruction
2603.17571|IN|reconstruction
2603.18002|OUT|reasoning
2603.16461|OUT|reasoning
2603.16211|IN|gaussian-splatting
2603.16669|OUT|robotics
2603.14977|OUT|robotics
2603.14528|IN|dynamic
2603.13185|OUT|understanding
2603.09968|IN|gaussian-splatting
2603.07690|IN|reconstruction
2603.06971|IN|reconstruction
2603.05959|IN|reconstruction
2603.05078|IN|dynamic
2603.05097|IN|robotics
2603.03744|IN|reconstruction
2603.02573|IN|dynamic
2602.23814|OUT|robotics
2602.22571|IN|gaussian-splatting
2602.21186|IN|understanding
2602.20943|IN|dynamic
2602.20157|IN|dynamic
2602.10101|IN|robotics
2602.05573|IN|reconstruction
2602.05321|IN|reconstruction
2602.04439|IN|dynamic
2602.00865|IN|foundation
2601.22615|IN|reconstruction
2601.17866|IN|understanding
2601.16020|IN|pose
2601.02281|IN|reconstruction
2601.01222|IN|reconstruction
2512.23667|IN|reconstruction
2512.16919|IN|reconstruction
2512.15508|IN|gaussian-splatting
2512.15577|IN|understanding
2512.13122|IN|dynamic
2512.09373|IN|pose
2512.07821|IN|dynamic
2512.05060|IN|understanding
2512.03939|IN|dynamic
2512.01540|IN|foundation
2512.00771|IN|dynamic
2512.00903|OUT|robotics
2511.22264|IN|reconstruction
2511.19172|OUT|gaussian-splatting
2511.18922|IN|dynamic
2511.18559|IN|reconstruction
2511.18115|IN|foundation
2511.13864|IN|pose
2511.03970|OUT|reconstruction
2510.13454|IN|reconstruction
2509.23737|IN|robotics
2509.17650|IN|reconstruction
